OCCUPATION,COMPANY_TYPE,N,POSITIVE_SHARE
financial managers,private,148384,0.095745
civil engineers,private,20970,0.140153
marketing and sales managers,private,431863,0.141355
pharmacists,nonprofit,7981,0.460093
public relations specialists,private,13340,0.196177
computer and information systems managers,public_subsidiary,18577,0.113474
"engineering technologists and technicians, except drafters",educational,3431,0.228796
data scientists,public,56794,0.080501
general and operations managers,public_subsidiary,19977,0.139961
"athletes, coaches, umpires, and related workers",private,15585,0.301829
chief executives,public,65045,0.141179
psychologists,nonprofit,5596,0.533774
financial managers,government,5681,0.139940
human resources workers,public,22386,0.248504
"industrial engineers, including health and safety",private,50337,0.113237
registered nurses,government,7321,0.465510
computer and information analysts,private,29275,0.102511
human resources workers,nonprofit,13878,0.331892
"claims adjusters, appraisers, examiners, and investigators",private,10119,0.135587
"substitute teachers, short-term",private,15849,0.345763
"arts, communications, history, and humanities teachers, postsecondary",educational,24334,0.360360
environmental scientists and geoscientists,private,4661,0.175713
electrical and electronics engineers,public_subsidiary,2821,0.064871
"engineering technologists and technicians, except drafters",public,30595,0.090407
first-line supervisors of office and administrative support workers,public_subsidiary,2526,0.145685
residential advisors,educational,3434,0.434770
detectives and criminal investigators,government,6800,0.206176
"sales representatives, wholesale and manufacturing",public,3311,0.200544
computer and information analysts,nonprofit,6927,0.155479
accountants and auditors,nonprofit,9075,0.098072
ship and boat captains and operators,private,2683,0.133805
"eligibility interviewers, government programs",government,2080,0.284615
natural sciences managers,educational,2707,0.403768
waiters and waitresses,public_subsidiary,2101,0.198477
"meter readers, utilities",public,2300,0.094348
training and development specialists,nonprofit,3606,0.454243
air traffic controllers and airfield operations specialists,private,5561,0.159684
miscellaneous engineers,government,6017,0.130297
social and community service managers,nonprofit,4152,0.526252
credit counselors and loan officers,private,47087,0.235904
database and network administrators and architects,public,18436,0.070840
marketing and sales managers,public_subsidiary,34058,0.129368
education and childcare administrators,private,18009,0.400522
procurement clerks,private,5504,0.086119
social workers,private,10564,0.548088
mechanical engineers,public_subsidiary,4377,0.082705
operations research analysts,private,2316,0.112694
market research analysts and marketing specialists,nonprofit,6400,0.263750
construction managers,public,3368,0.086105
"compensation, benefits, and job analysis specialists",nonprofit,2635,0.182163
paralegals and legal assistants,government,3414,0.189221
"shipping, receiving, and inventory clerks",private,4623,0.103180
miscellaneous social scientists and related workers,government,4360,0.337615
construction and building inspectors,private,4460,0.142825
credit analysts,private,3786,0.102483
financial analysts and advisors,nonprofit,8432,0.173269
architectural and engineering managers,nonprofit,7054,0.294585
natural sciences managers,nonprofit,7175,0.444878
buyers and purchasing agents,public,2685,0.096462
artists and related workers,nonprofit,4636,0.188093
police officers,private,5714,0.147882
"engineering technologists and technicians, except drafters",public_subsidiary,5803,0.089609
miscellaneous computer occupations,public_subsidiary,32141,0.090196
biological scientists,private,2224,0.226169
"actors, producers, and directors",government,2294,0.348300
industrial production managers,private,31994,0.096237
"software and web developers, programmers, and testers",private,265848,0.105865
chief executives,private,1066732,0.240539
miscellaneous computer occupations,private,283497,0.110058
logisticians and project management specialists,private,36449,0.109249
architectural and engineering managers,private,108614,0.132635
elementary and middle school teachers,private,38061,0.431886
financial managers,educational,3412,0.134232
home health and personal care aides,private,5317,0.354711
first-line supervisors of sales workers,private,23280,0.153995
administrative services and facilities managers,nonprofit,5342,0.276675
miscellaneous engineers,public,48323,0.083066
miscellaneous managers,nonprofit,10829,0.327454
computer and information systems managers,nonprofit,17645,0.279059
real estate brokers and sales agents,public,12313,0.234549
therapists,nonprofit,23137,0.474392
aircraft pilots and flight engineers,public,6905,0.129037
"athletes, coaches, umpires, and related workers",educational,5223,0.310549
miscellaneous healthcare support occupations,private,23548,0.337863
billing and posting clerks,private,16749,0.090274
paralegals and legal assistants,private,33456,0.148912
reservation and transportation ticket agents and travel clerks,private,2798,0.204789
miscellaneous community and social service specialists,government,6013,0.407617
therapists,government,2265,0.463576
miscellaneous social scientists and related workers,private,7068,0.219723
"health teachers, postsecondary",educational,12936,0.343924
human resources managers,government,6564,0.263711
retail salespersons,public,5227,0.163956
preschool and kindergarten teachers,nonprofit,3412,0.420868
marketing and sales managers,government,3655,0.240766
miscellaneous community and social service specialists,private,6373,0.456143
registered nurses,public_subsidiary,6017,0.459698
lawyers and judicial law clerks,public_subsidiary,2604,0.097158
chemical engineers,public,6244,0.097854
administrative services and facilities managers,public_subsidiary,2275,0.138901
military enlisted tactical operations and air/weapons specialists and crew members,government,3186,0.158820
customer service representatives,private,73548,0.159284
mechanical engineers,private,28016,0.098908
computer support specialists,public,15690,0.101402
compliance officers,private,12908,0.133096
miscellaneous legal support workers,private,6220,0.156752
"software and web developers, programmers, and testers",nonprofit,16752,0.143386
medical records specialists,private,4798,0.195915
administrative services and facilities managers,educational,2246,0.236420
industrial production managers,public,10872,0.095751
cooks,private,6803,0.141996
"arts, communications, history, and humanities teachers, postsecondary",private,14460,0.366528
miscellaneous business operations specialists,public,6650,0.128872
miscellaneous business operations specialists,nonprofit,2544,0.352201
"engineering technologists and technicians, except drafters",nonprofit,5508,0.235113
flight attendants,public,7167,0.194363
"architects, except naval",private,2968,0.278976
industrial production managers,public_subsidiary,3272,0.102078
public relations specialists,government,4812,0.266209
"musicians, singers, and related workers",nonprofit,2131,0.243078
human resources managers,educational,2874,0.306541
first-line supervisors of construction trades and extraction workers,private,4231,0.115812
"news analysts, reporters and journalists",private,10057,0.191011
"miscellaneous sales representatives, services",private,134146,0.134719
miscellaneous managers,private,86678,0.177646
computer support specialists,private,47702,0.112951
miscellaneous healthcare support occupations,nonprofit,10645,0.349930
actuaries,public,2104,0.074620
advertising and promotions managers,public,20874,0.133372
"adult basic education, adult secondary education, and english as a second language instructors",private,10016,0.418431
"miscellaneous sales representatives, services",public,33771,0.152735
customer service representatives,nonprofit,5995,0.271560
registered nurses,private,66626,0.458830
public relations specialists,public,2850,0.173333
construction managers,private,20238,0.079356
secondary school teachers,private,18682,0.415320
financial analysts and advisors,public,51044,0.154827
lawyers and judicial law clerks,government,15086,0.226767
customer service representatives,public_subsidiary,7760,0.147552
data scientists,public_subsidiary,11732,0.086942
health practitioner support technologists and technicians,public,4511,0.319441
clergy,nonprofit,7147,0.442283
training and development managers,nonprofit,10716,0.499067
medical and health services managers,public_subsidiary,4248,0.371940
chief executives,public_subsidiary,20380,0.154661
first-line supervisors of production and operating workers,public,3636,0.106986
"life sciences teachers, postsecondary",educational,8975,0.280446
licensed practical and licensed vocational nurses,private,2254,0.354925
clinical laboratory technologists and technicians,public,2621,0.248760
counselors,government,3740,0.500000
database and network administrators and architects,educational,4502,0.129276
teaching assistants,private,15511,0.356263
medical and health services managers,nonprofit,19693,0.449906
astronomers and physicists,public,3231,0.094398
medical records specialists,nonprofit,2429,0.161383
miscellaneous community and social service specialists,nonprofit,5976,0.493307
miscellaneous sales and related workers,private,5629,0.353704
general and operations managers,educational,4299,0.271226
miscellaneous production workers,private,2308,0.098787
customer service representatives,government,2877,0.210636
locomotive engineers and operators,private,2670,0.133333
legislators,private,2777,0.275477
marketing and sales managers,nonprofit,22415,0.272228
first-line supervisors of production and operating workers,private,14917,0.101964
elementary and middle school teachers,educational,11612,0.445574
advertising and promotions managers,public_subsidiary,5758,0.127822
"tax examiners, collectors and preparers, and revenue agents",private,15708,0.116437
personal service managers,private,4148,0.422854
insurance sales agents,private,22808,0.279463
"models, demonstrators, and product promoters",private,8118,0.190934
aircraft pilots and flight engineers,private,5649,0.150115
miscellaneous managers,government,6190,0.233603
"pipelayers, plumbers, pipefitters, and steamfitters",private,2536,0.076893
lawyers and judicial law clerks,nonprofit,7117,0.361388
accountants and auditors,educational,2184,0.114927
bill and account collectors,private,9094,0.102925
recreation and fitness workers,nonprofit,2368,0.440034
compliance officers,public,5779,0.115764
natural sciences managers,public,7730,0.157568
"engineering technologists and technicians, except drafters",government,8440,0.236019
computer and information analysts,government,6701,0.126996
"miscellaneous electrical and electronic equipment mechanics, installers, and repairers",private,3457,0.076945
tutors,educational,2697,0.327030
data entry and information processing workers,private,2216,0.133123
occupational therapy assistants and aides,private,2084,0.521113
miscellaneous managers,public,37890,0.162022
health practitioner support technologists and technicians,private,21141,0.355565
market research analysts and marketing specialists,private,48489,0.150261
database and network administrators and architects,private,47380,0.086281
designers,private,37222,0.137258
computer hardware engineers,private,4993,0.114160
accountants and auditors,private,85346,0.082628
accountants and auditors,public_subsidiary,4603,0.065392
computer support specialists,public_subsidiary,4806,0.096130
physicians,nonprofit,16179,0.382347
miscellaneous motor vehicle operators,public,3232,0.137067
"math and computer science teachers, postsecondary",private,8055,0.309994
first-line supervisors of office and administrative support workers,private,24773,0.179026
general and operations managers,public,61480,0.150634
diagnostic related technologists and technicians,private,6001,0.301616
counselors,private,37677,0.492024
human resources managers,public,20985,0.231689
"sales representatives, wholesale and manufacturing",private,7581,0.151959
"tax examiners, collectors and preparers, and revenue agents",public,3357,0.111111
counselors,nonprofit,10670,0.548172
cashiers,public,4410,0.177098
"software and web developers, programmers, and testers",public_subsidiary,46427,0.094837
real estate brokers and sales agents,public_subsidiary,3490,0.211461
architectural and engineering managers,public_subsidiary,13058,0.120156
"engineering technologists and technicians, except drafters",private,46176,0.128941
"actors, producers, and directors",public_subsidiary,2802,0.142755
physicians,private,12911,0.385950
police officers,government,5393,0.240868
"substitute teachers, short-term",educational,4126,0.355793
writers and editors,public,4905,0.125790
computer and information analysts,public,16840,0.087530
accountants and auditors,public,14747,0.072286
accountants and auditors,government,8549,0.101649
"health teachers, postsecondary",private,7294,0.390321
medical and health services managers,private,37428,0.421503
sailors and marine oilers,private,3027,0.236207
management analysts,private,7413,0.163497
elementary and middle school teachers,nonprofit,2741,0.463335
"social sciences teachers, postsecondary",educational,3554,0.324986
financial analysts and advisors,public_subsidiary,14894,0.214784
miscellaneous social scientists and related workers,public,3754,0.146510
medical and health services managers,educational,2282,0.379930
writers and editors,nonprofit,3823,0.232540
artists and related workers,public,7290,0.083128
customer service representatives,public,24832,0.150773
chief executives,government,16254,0.304971
cashiers,private,6740,0.184273
miscellaneous engineers,public_subsidiary,12456,0.083012
dentists,private,4930,0.495538
counselors,educational,11800,0.546017
diagnostic related technologists and technicians,nonprofit,8031,0.306811
first-line supervisors of transportation and material moving workers,public,4897,0.127221
computer and information analysts,public_subsidiary,3457,0.092277
miscellaneous postsecondary teachers,educational,15536,0.336444
computer hardware engineers,public,5607,0.060995
carpenters,private,2193,0.090743
clinical laboratory technologists and technicians,nonprofit,2991,0.283852
"inspectors, testers, sorters, samplers, and weighers",private,2803,0.076347
photographers,private,14712,0.126427
economists,government,3257,0.250537
counter and rental clerks and parts salespersons,private,4022,0.134013
architectural and engineering managers,government,3190,0.182759
drafters,public,3163,0.065444
miscellaneous motor vehicle operators,private,3373,0.121554
"business teachers, postsecondary",educational,3307,0.234351
first-line supervisors of office and administrative support workers,nonprofit,4276,0.308700
secondary school teachers,educational,5989,0.437469
procurement clerks,public,2746,0.082666
nuclear engineers,government,2286,0.157918
detectives and criminal investigators,private,2432,0.199836
human resources workers,government,6130,0.274878
electrical and electronics engineers,private,17468,0.083352
computer support specialists,government,10031,0.097298
miscellaneous managers,public_subsidiary,9569,0.149336
"securities, commodities, and financial services sales agents",public_subsidiary,19217,0.117396
air traffic controllers and airfield operations specialists,public,2219,0.134295
logisticians and project management specialists,nonprofit,2880,0.297917
insurance claims and policy processing clerks,private,4698,0.173904
writers and editors,public_subsidiary,2149,0.112145
"life sciences teachers, postsecondary",private,4935,0.336575
miscellaneous media and communication workers,private,4290,0.228671
human resources managers,private,88440,0.249084
driver/sales workers and truck drivers,private,8999,0.104567
compensation and benefits managers,private,17396,0.204587
teaching assistants,educational,16829,0.288074
"software and web developers, programmers, and testers",public,203354,0.092263
financial analysts and advisors,private,108524,0.236077
public relations and fundraising managers,private,43168,0.208835
"actors, producers, and directors",private,36812,0.189748
"claims adjusters, appraisers, examiners, and investigators",public_subsidiary,2020,0.112871
secretaries and administrative assistants,public,25016,0.116565
social workers,nonprofit,9318,0.561601
mechanical engineers,public,15152,0.090417
"actors, producers, and directors",nonprofit,15682,0.445543
health practitioner support technologists and technicians,nonprofit,9731,0.349707
dietitians and nutritionists,nonprofit,4793,0.538911
database and network administrators and architects,government,8854,0.095211
logisticians and project management specialists,public,14048,0.087059
first-line supervisors of building and grounds cleaning and maintenance workers,private,3083,0.115148
human resources workers,educational,3176,0.337531
writers and editors,private,29877,0.163403
public relations and fundraising managers,nonprofit,15252,0.404078
first-line supervisors of office and administrative support workers,public,6263,0.135079
social science research assistants,educational,16664,0.241719
administrative services and facilities managers,public,7996,0.126438
computer and information systems managers,educational,5203,0.275802
waiters and waitresses,private,15109,0.198491
computer and information systems managers,government,7801,0.192924
sales engineers,private,12159,0.079201
fast food and counter workers,private,4311,0.241707
miscellaneous computer occupations,educational,8956,0.224542
receptionists and information clerks,private,7225,0.194602
chemical engineers,private,9868,0.086238
retail salespersons,private,9889,0.181313
"office clerks, general",private,3594,0.173901
management analysts,government,5367,0.220794
receptionists and information clerks,nonprofit,2203,0.251475
physicians,public,2054,0.278481
miscellaneous financial specialists,public,2249,0.115607
"securities, commodities, and financial services sales agents",private,186056,0.133497
advertising and promotions managers,private,60036,0.144413
financial managers,nonprofit,17165,0.169706
"actors, producers, and directors",educational,4125,0.386182
physician assistants,nonprofit,7199,0.394916
architectural and engineering managers,public,53712,0.109622
environmental scientists and geoscientists,government,3157,0.277479
medical scientists,nonprofit,3054,0.334971
"bookkeeping, accounting, and auditing clerks",private,19439,0.109265
psychologists,private,25464,0.545712
miscellaneous engineers,nonprofit,3109,0.136700
"eligibility interviewers, government programs",private,2326,0.270851
training and development managers,public,4159,0.198605
telemarketers,private,7932,0.178391
"securities, commodities, and financial services sales agents",nonprofit,2971,0.230226
miscellaneous healthcare diagnosing or treating practitioners,private,8953,0.496705
database and network administrators and architects,nonprofit,9204,0.125598
compliance officers,nonprofit,2238,0.264969
loan interviewers and clerks,private,4165,0.134694
medical scientists,government,2473,0.465831
medical and health services managers,government,2443,0.386819
legislators,government,2244,0.406417
economists,private,2083,0.188670
chief executives,educational,11658,0.398696
conservation scientists and foresters,government,2171,0.358821
public relations and fundraising managers,public,11919,0.163269
advertising and promotions managers,nonprofit,7459,0.305671
miscellaneous health practitioners and technical workers,private,4897,0.341025
market research analysts and marketing specialists,public_subsidiary,2657,0.132857
budget analysts,government,2459,0.141114
logisticians and project management specialists,government,2927,0.170140
credit counselors and loan officers,nonprofit,5161,0.247045
secretaries and administrative assistants,private,120522,0.182763
"physical sciences teachers, postsecondary",private,6532,0.288885
social science research assistants,nonprofit,3100,0.264194
recreation and fitness workers,private,10390,0.421463
emergency medical technicians and paramedics,private,4438,0.340469
postal service workers,nonprofit,4308,0.140204
miscellaneous health technologists and technicians,private,12021,0.334165
laborers and material movers,private,11599,0.120355
"industrial engineers, including health and safety",public,39298,0.100489
human resources managers,nonprofit,13630,0.332722
"securities, commodities, and financial services sales agents",public,48675,0.135223
pharmacists,private,8259,0.459378
first-line supervisors of transportation and material moving workers,private,16687,0.110745
general and operations managers,nonprofit,22540,0.368678
"hotel, motel, and resort desk clerks",private,8243,0.191435
"transportation, storage, and distribution managers",private,60465,0.102803
"physical sciences teachers, postsecondary",educational,26622,0.275749
clinical laboratory technologists and technicians,private,4140,0.272222
preschool and kindergarten teachers,private,26794,0.380421
"miscellaneous life, physical, and social science technicians",private,4895,0.126047
miscellaneous personal appearance workers,private,3878,0.240330
credit counselors and loan officers,public,12382,0.154175
data scientists,educational,4116,0.191205
electricians,private,5292,0.077664
miscellaneous postsecondary teachers,private,6024,0.328187
emergency medical technicians and paramedics,nonprofit,3143,0.367165
fundraisers,nonprofit,4276,0.483863
pharmacists,public_subsidiary,2591,0.464685
actuaries,private,3968,0.089214
sales engineers,public,4280,0.088785
civil engineers,government,6728,0.161564
physicians,educational,3747,0.377102
cost estimators,private,8110,0.066338
"claims adjusters, appraisers, examiners, and investigators",public,3904,0.145236
"mining and geological engineers, including mining safety engineers",private,4396,0.126251
miscellaneous healthcare diagnosing or treating practitioners,nonprofit,3080,0.413961
therapists,educational,3055,0.447791
aerospace engineers,private,4052,0.100691
"math and computer science teachers, postsecondary",educational,29543,0.278171
"software and web developers, programmers, and testers",government,9330,0.102036
dietitians and nutritionists,private,7563,0.558112
financial managers,public_subsidiary,12251,0.091666
miscellaneous community and social service specialists,educational,2050,0.440000
compensation and benefits managers,public,8636,0.216883
first-line supervisors of sales workers,public,12342,0.167396
medical and health services managers,public,8270,0.337969
"industrial engineers, including health and safety",public_subsidiary,8657,0.093681
"musicians, singers, and related workers",private,13431,0.158514
"first-line supervisors of mechanics, installers, and repairers",private,3193,0.090824
driver/sales workers and truck drivers,public,5463,0.136372
compensation and benefits managers,public_subsidiary,2316,0.224957
fast food and counter workers,public,3644,0.229144
logisticians and project management specialists,public_subsidiary,3301,0.094214
social and community service managers,private,4270,0.406089
travel agents,private,4252,0.181091
compensation and benefits managers,nonprofit,3165,0.237283
compliance officers,government,2870,0.219512
passenger vehicle drivers,private,2902,0.174707
"actors, producers, and directors",public,4185,0.133572
conservation scientists and foresters,private,3115,0.232745
miscellaneous office and administrative support workers,private,2604,0.227343
elementary and middle school teachers,government,2579,0.431950
public relations and fundraising managers,government,3705,0.313360
artists and related workers,public_subsidiary,4265,0.091208
therapists,public,2456,0.415309
computer and information analysts,educational,2349,0.152831
first-line supervisors of sales workers,public_subsidiary,3571,0.146178
social workers,government,4083,0.500612
natural sciences managers,private,17796,0.247584
administrative services and facilities managers,private,30862,0.165932
computer and information systems managers,public,79499,0.102152
secretaries and administrative assistants,government,17465,0.227025
human resources workers,private,94775,0.252187
secretaries and administrative assistants,nonprofit,27118,0.267129
marketing and sales managers,public,102268,0.134861
therapists,private,38138,0.482694
"human resources assistants, except payroll and timekeeping",private,5164,0.250581
registered nurses,nonprofit,98584,0.449880
"agents and business managers of artists, performers, and athletes",private,3046,0.233093
financial managers,public,44364,0.098864
chemists and materials scientists,private,3148,0.109911
data scientists,private,79168,0.104727
lodging managers,private,6922,0.153135
"transportation, storage, and distribution managers",public,28422,0.098902
childcare workers,private,2951,0.368350
"meter readers, utilities",private,3573,0.071928
training and development specialists,private,9222,0.302863
food service managers,private,15086,0.135158
"maintenance and repair workers, general",private,6037,0.075534
health practitioner support technologists and technicians,public_subsidiary,3792,0.321466
"maintenance and repair workers, general",public,2566,0.074435
designers,public_subsidiary,3227,0.140998
instructional coordinators,educational,3088,0.486075
"hosts and hostesses, restaurant, lounge, and coffee shop",private,2966,0.227242
"television, video, and film camera operators and editors",private,6137,0.080658
firefighters,government,2153,0.237343
"miscellaneous life, physical, and social science technicians",public,2666,0.118530
chiropractors,private,2555,0.621135
proofreaders and copy markers,private,2934,0.157123
public relations and fundraising managers,public_subsidiary,3243,0.155720
payroll and timekeeping clerks,private,7146,0.103694
credit analysts,public,2004,0.093313
artists and related workers,private,64115,0.105903
miscellaneous computer occupations,government,22166,0.168231
"miscellaneous sales representatives, services",public_subsidiary,11496,0.142658
social science research assistants,private,4439,0.269430
electrical and electronics engineers,public,10037,0.073229
education and childcare administrators,nonprofit,4867,0.509554
marketing and sales managers,educational,3216,0.215485
data scientists,nonprofit,13556,0.175494
public relations and fundraising managers,educational,3482,0.340896
computer support specialists,educational,3641,0.149959
registered nurses,educational,3934,0.460346
marine engineers and naval architects,private,2265,0.097572
preschool and kindergarten teachers,educational,6803,0.393797
"broadcast, sound, and lighting technicians",private,5984,0.083389
instructional coordinators,public,2024,0.305336
"transportation, storage, and distribution managers",government,4652,0.156922
credit counselors and loan officers,public_subsidiary,2032,0.143701
market research analysts and marketing specialists,public,7390,0.128552
tellers,public,2555,0.153033
"arts, communications, history, and humanities teachers, postsecondary",nonprofit,2260,0.376106
miscellaneous financial specialists,private,4115,0.108384
mechanical engineers,government,2684,0.109165
secretaries and administrative assistants,educational,16174,0.293248
tutors,private,5093,0.387394
training and development managers,private,15537,0.279719
instructional coordinators,private,8239,0.440952
registered nurses,public,5150,0.440000
"adult basic education, adult secondary education, and english as a second language instructors",educational,3802,0.433456
military officer special and tactical operations leaders,government,2113,0.153336
"industrial engineers, including health and safety",government,2022,0.153808
miscellaneous engineers,private,94545,0.107060
computer and information systems managers,private,134225,0.142239
bartenders,private,9207,0.160096
chief executives,nonprofit,140918,0.477200
real estate brokers and sales agents,private,216293,0.246319
lawyers and judicial law clerks,public,12609,0.088984
special education teachers,educational,4378,0.480813
miscellaneous computer occupations,public,134808,0.084350
lawyers and judicial law clerks,private,102105,0.170481
"compensation, benefits, and job analysis specialists",private,9436,0.230182
human resources workers,public_subsidiary,6991,0.241167
drafters,private,20335,0.149053
secretaries and administrative assistants,public_subsidiary,7400,0.127568
education and childcare administrators,educational,7463,0.443789
massage therapists,private,4016,0.406375
human resources managers,public_subsidiary,6097,0.228801
"property, real estate, and community association managers",private,27318,0.159638
training and development specialists,public,3005,0.252246
"software and web developers, programmers, and testers",educational,6301,0.156007
civil engineers,public,7386,0.133360
miscellaneous health technologists and technicians,nonprofit,13252,0.335195
supervisors of food preparation and serving workers,private,14605,0.118453
buyers and purchasing agents,private,6447,0.079262
"meeting, convention, and event planners",private,14462,0.153990
database and network administrators and architects,public_subsidiary,4604,0.067550
data scientists,government,6469,0.169114
food service managers,public_subsidiary,2069,0.124698
public relations specialists,nonprofit,5371,0.333457
veterinarians,private,3788,0.346093
astronomers and physicists,private,3674,0.146979
"meeting, convention, and event planners",nonprofit,3848,0.285603
food preparation workers,private,3835,0.199478
"transportation, storage, and distribution managers",nonprofit,3712,0.242726
financial analysts and advisors,government,5051,0.146506
building cleaning workers,private,2451,0.168503
occupational health and safety specialists and technicians,private,4192,0.279580
construction equipment operators,private,3227,0.117447
miscellaneous health practitioners and technical workers,public,2020,0.287624
miscellaneous social scientists and related workers,nonprofit,2127,0.439586
tour and travel guides,private,2246,0.242208
insurance sales agents,public,3048,0.255249
special education teachers,private,14061,0.486096
management analysts,public,3867,0.115076
general and operations managers,private,274464,0.158870
purchasing managers,private,16509,0.077594
clergy,private,6631,0.429649
miscellaneous computer occupations,nonprofit,33102,0.270316
computer support specialists,nonprofit,5839,0.137695
"transportation, storage, and distribution managers",public_subsidiary,7060,0.090368
"health teachers, postsecondary",nonprofit,2751,0.407125
miscellaneous business operations specialists,private,20562,0.151493
librarians and media collections specialists,private,3252,0.253690
physical therapist assistants and aides,private,6021,0.452583
"production, planning, and expediting clerks",private,3932,0.110631
physician assistants,private,8955,0.413959
"athletes, coaches, umpires, and related workers",nonprofit,3475,0.313957
purchasing managers,public,6190,0.078191
designers,public,9935,0.147257
general and operations managers,government,7676,0.248176
"barbers, hairdressers, hairstylists and cosmetologists",private,6175,0.195628
"bailiffs, correctional officers, and jailers",government,2146,0.197577
pharmacists,public,2888,0.441482
administrative services and facilities managers,government,3165,0.206635
"bookkeeping, accounting, and auditing clerks",public,3893,0.106345
miscellaneous business operations specialists,government,2853,0.242902
laborers and material movers,public,6539,0.125249
miscellaneous health practitioners and technical workers,nonprofit,2442,0.388616
billing and posting clerks,public,2581,0.083688
environmental engineers,private,2180,0.211927
"compensation, benefits, and job analysis specialists",public,5111,0.205048
"property, real estate, and community association managers",public,3911,0.130146
aerospace engineers,public,3909,0.088514
